Num_Acc,an,mois,jour,hrmn,lum,agg,int,atm,col,com,adr,gps,lat,long,dep
200900060770,9,8,12,1940,1,2,2,1.0,3,41,"0, DE GAULLE ( BVD DU GA",,,,620
200900040717,9,12,7,2020,5,2,1,2.0,3,117,"100, AVENUE DE VILLIERS",,,,750
200900059148,9,12,17,1728,5,2,1,4.0,2,85,"1, SCHUMAN (BOULEVARD RO",,,,870
200900012808,9,7,23,1810,1,2,1,2.0,6,108,"131-133, AVENUE DES CHAM",,,,750
200900015968,9,8,2,1005,1,2,4,2.0,6,111,"197, BOULEVARD VOLTAIRE",,,,750
200900035268,9,4,23,1345,1,2,1,1.0,7,29,"00, MIDI (BOULEVARD DU)",,,,60
200900047572,9,3,22,535,5,2,1,1.0,3,70,122 BD VICTOR HUGO,M,4.0,0,930
200900036570,9,7,27,2330,5,2,1,1.0,7,238,97 RUE DE VERN,,,,350
200900012650,9,7,16,1015,1,2,2,1.0,3,111,RUE SEDAINE,,,,750
200900021765,9,4,8,1550,1,2,1,1.0,3,21,"10, CONDORCET (RUE)",,,,800
200900047889,9,12,3,1945,3,1,6,9.0,1,142,,M,4.0,-,170
200900014356,9,3,12,1505,1,2,1,1.0,6,306,"96, LIBERATION (AVENUE D",M,4.0,0,950
200900011119,9,5,1,1530,1,1,1,1.0,1,42,,M,4.0,0,410
200900056642,9,11,21,445,3,1,1,2.0,7,214,,M,4.0,-,440
200900023021,9,5,9,1945,1,1,1,1.0,7,53,,M,0.0,0,110
200900045507,9,7,7,934,1,1,1,1.0,3,64,RN 118,,,,910
200900049926,9,11,19,1620,1,2,1,1.0,3,555,CHE DE FENOUILLET,,,,310
200900027702,9,3,7,1800,1,2,1,1.0,6,151,LE JEUNE (RUE LOUIS),,,,290
200900008450,9,2,17,2019,5,2,1,3.0,6,56,"sans, FONTAINE-ARGENT AV",,,,250
200900006560,9,2,3,820,1,2,1,1.0,1,42,ORMEAUX (COTE DES),,,,460
200900024939,9,7,30,1510,1,2,1,1.0,3,404,EIFFEL (RUE GUSTAVE),M,4.0,0,280
200900010973,9,4,26,1900,1,1,1,1.0,6,228,,M,4.0,0,270
200900068008,9,11,26,1635,1,2,1,1.0,3,69,"4, DUNANT (AVENUE HENRI)",,,,60
200900011062,9,5,12,1850,1,1,1,1.0,6,85,RN520,,,,870
200900058326,9,12,7,730,2,2,1,1.0,3,37,AVE MONTRICHER,M,4.0,0,130
200900059260,9,6,29,1940,1,2,1,1.0,2,266,"2, RUE DU 4 AOUT 1789",,,,690
200900025678,9,7,17,1600,1,1,2,1.0,3,510,,M,4.0,0,310
200900042167,9,9,26,1930,1,2,1,1.0,3,389,"107, RUE MARIETTON",,,,690
200900031885,9,6,3,1830,2,2,1,1.0,6,117,RN6,M,0.0,0,690
200900038928,9,9,17,1215,1,1,1,2.0,3,115,,M,0.0,0,180
200900018497,9,2,1,1155,1,2,4,8.0,3,71,GENERAL LECLERC (R DU),M,4.0,0,940
200900007519,9,4,18,1820,1,2,1,1.0,7,7,"0, DROITS DE L'HOMME",,,,490
200900074484,9,12,22,1800,2,1,1,1.0,2,7,,A,0.0,0,971
200900027060,9,10,14,2125,5,2,1,1.0,6,115,"91, RUE DU COMMERCE",,,,750
200900051296,9,4,16,1945,1,2,6,1.0,3,5,CEZANNE / BRAQUE,M,4.0,0,930
200900045804,9,12,3,1745,5,2,2,2.0,3,339,RUEPRINCIPALE/D2,M,4.0,0,510
200900004564,9,1,13,1200,1,2,1,1.0,7,32,MOUTON ALBERT (RUE),M,4.0,0,340
200900021886,9,5,5,845,1,1,1,1.0,4,565,,M,4.0,0,380
200900011651,9,5,21,100,5,2,8,1.0,3,148,PASSAGE A NIVEAU N 24,M,4.0,0,450
200900014091,9,1,12,2315,5,2,1,1.0,6,69,"10, CROISSET (AVENUE FR.",,,,60
200900026718,9,10,5,930,1,2,1,2.0,7,101,PLACE VENDOME,,,,750
200900050926,9,5,1,1020,1,1,1,1.0,6,724,"00, CD 40",,,,620
200900021139,9,6,25,1520,1,2,3,1.0,2,285,R C.BEAUHAIRE/GAMBETTA,M,4.0,0,450
200900001119,9,2,17,915,1,1,1,1.0,7,1,Lieu dit Chez Mï¿½riguet,M,5.0,0,160
200900036230,9,5,28,1800,1,2,2,1.0,3,88,"0, FRANCE (R. DE) A PART",,,,60
200900061043,9,11,16,900,1,2,6,1.0,2,58,Rond-point de l'odet,M,4.0,-,290
200900023973,9,7,23,1700,1,2,1,1.0,6,1,9 AV EDOUARD HERRIOT,M,4.0,0,470
200900040071,9,10,29,1515,1,2,1,1.0,6,208,33 bd de la Rï¿½publique,M,4.0,0,120
200900006637,9,1,15,800,2,2,3,1.0,3,445,ALFRED DE MUSSET/BOURNAC,M,4.0,-,640
200900037088,9,6,10,2025,1,2,1,1.0,3,232,"16, AMIRAL RONARC'H RUE",,,,290
200900006272,9,3,22,1615,1,1,1,1.0,2,409,,M,0.0,0,600
200900051614,9,5,14,1600,1,2,1,2.0,6,28,carrefour des 3 chemins,M,0.0,0,340
200900010103,9,5,15,915,1,1,3,3.0,3,29,,M,0.0,0,830
200900062043,9,12,1,1600,1,1,1,1.0,5,39,,M,0.0,0,180
200900014958,9,4,11,2000,1,2,3,1.0,1,365,route de Landrecies,,,,590
200900017584,9,2,14,1040,1,2,1,1.0,7,21,ROCADE NORD EST RN 25,,,,800
200900036981,9,10,14,1100,1,1,1,1.0,3,194,,M,4.0,0,520
200900014983,9,4,14,1530,1,2,1,1.0,6,476,MARCOING (ROUTE DE),,,,590
200900055470,9,5,1,1340,1,2,1,1.0,3,83,"2, JEAN WIENER (RUE)",,,,770
200900026372,9,1,14,1931,5,2,3,1.0,3,149,"999, PIBRAC (ROUTE DE)",M,4.0,0,310
200900014149,9,1,29,1715,2,2,1,1.0,3,29,"00, REPUBLIQUE (BOULEVAR",,,,60
200900019439,9,5,7,1550,1,2,2,1.0,3,18,"220, JOFFRE (AVENUE DU M",M,4.0,0,950
200900053070,9,7,4,425,5,2,1,2.0,6,55,"134, SAINT JEAN (CHEMIN)",M,4.0,0,130
200900018397,9,1,13,1410,1,2,1,1.0,2,17,ROGER SALENGRO (AV),M,4.0,0,940
200900070494,9,10,21,1515,1,2,1,2.0,2,182,"., SCHUMAN (BOULEVARD RO",,,,910
200900066662,9,9,13,1745,1,2,2,1.0,3,699,ROSES (RUE DES),,,,140
200900050163,9,10,19,814,2,2,1,1.0,6,122,RONSARD (RUE),,,,370
200900052741,9,5,23,650,1,2,1,1.0,7,120,"sans, TOUTES RUES",,,,202
200900037192,9,7,3,2325,5,2,3,1.0,6,151,LEON (QUAI DE),,,,290
200900007980,9,4,16,1615,1,2,3,1.0,3,272,"29, VENTADOUR (AV)",M,4.0,0,190
200900039373,9,11,21,1615,2,2,1,2.0,1,315,hameau de LA PLACE,M,0.0,0,600
200900050147,9,10,12,2030,5,2,1,1.0,6,261,WAGNER (BOULEVARD RICHAR,,,,370
200900022089,9,6,27,1830,1,1,1,1.0,3,354,,M,4.0,0,300
200900014297,9,5,25,855,1,2,7,1.0,6,229,"9, GAMBETTA (BOULEVARD)",M,4.0,0,270
200900058182,9,11,24,1845,5,2,1,1.0,3,204,"37, PHILIPPON (BOULEVARD",,,,130
200900022634,9,3,14,515,5,2,1,1.0,3,69,"29, TROIS COURONNES",,,,110
200900010475,9,4,2,1030,1,2,1,1.0,6,448,"1, AVENUE DE LA LOUBERT",M,4.0,0,520
200900027230,9,10,19,1606,1,2,1,1.0,2,109,"54, RUE LA BRUYERE",,,,750
200900063591,9,12,25,1835,5,2,1,1.0,6,36,"177, GABRIEL PERI (AVENU",,,,920
200900011388,9,5,20,815,1,1,1,1.0,1,42,,M,0.0,0,680
200900027052,9,10,14,1614,1,2,2,1.0,6,116,"69, AVENUE HENRI MARTIN",,,,750
200900013132,9,5,20,1500,1,2,1,1.0,6,555,"1, ALL JULES GUESDE",,,,310
200900058480,9,12,2,1900,5,2,1,1.0,1,2,"*362, ETIENNE CUCCA-CD",M,4.0,0,130
200900053991,9,9,29,1600,1,2,2,1.0,6,23,LAZARE CARNOT (RUE),,,,920
200900043262,9,7,15,1540,1,2,1,1.0,3,77,"31 BIS, LE FOLL (AV)",M,4.0,0,940
200900010306,9,3,18,1345,1,2,2,1.0,1,231,ALBERT PREMIER (AVENUE),,,,210
200900045818,9,12,4,1700,2,1,1,1.0,7,33,,M,4.0,0,430
200900069109,9,8,15,2235,5,2,1,1.0,6,78,AV VAUBAN,M,4.0,0,930
200900054754,9,7,22,2035,5,2,1,1.0,7,121,"., KERGUILLETTE (RUE  DE",M,4.0,-,560
200900012075,9,3,19,1430,1,2,1,1.0,2,63,"81, BD PIERRE 1ER",,,,330
200900015945,9,8,1,1245,1,2,3,1.0,3,120,"14, RUE DU DOCTEUR PAQUE",,,,750
200900030781,9,7,25,2108,1,2,2,1.0,3,119,AVE RENE CASSAGNE,,,,330
200900038518,9,3,7,2315,5,1,2,1.0,3,277,,M,0.0,0,770
200900052970,9,7,3,1815,1,2,3,1.0,1,55,"25, BD DU CABOT",,,,130
200900062970,9,10,13,655,5,2,7,1.0,6,361,PLC ARISTIDE BRIAND,M,4.0,0,780
200900065895,9,8,6,1850,1,1,1,1.0,5,34,AUTOROUTE A86,M,4.0,0,940
200900016687,9,4,17,110,5,2,2,2.0,3,751,DEUX FONTAINES (AVENUE ),,,,570
200900014209,9,1,17,945,1,2,1,1.0,6,38,CHEMIN DU CABANON,M,0.0,0,60
200900021464,9,2,2,1830,3,2,1,3.0,6,172,"240, JEANBRAU (AVENUE DU",M,4.0,0,340
200900000525,9,1,14,1820,5,2,3,1.0,6,118,RUE DE L EVANGILE,,,,750
200900037780,9,8,27,2000,1,2,2,1.0,1,35,"1, FOLLEREAU (AVENUE RAO",,,,840
200900037023,9,2,28,2345,3,1,1,1.0,6,157,,M,4.0,-,140
200900055267,9,11,19,1433,1,2,1,1.0,6,56,CLEMENCEAU AVENUE G.,,,,250
200900072725,9,3,31,1015,1,1,1,1.0,7,23,,R,0.0,0,974
200900038472,9,9,17,1945,3,1,1,1.0,6,228,,M,4.0,-,530
200900063571,9,12,22,1530,1,2,6,1.0,7,72,"65, GARENNE (RUE DE LA)",,,,920
200900031738,9,6,25,855,1,2,2,7.0,3,238,PARIS/DUCHESSE ANNE,,,,350
200900071914,9,5,25,1820,1,2,3,2.0,3,445,AV DES LILAS/ BOULEVARD,M,4.0,-,640
200900007193,9,2,14,1200,1,1,1,1.0,4,650,BD JOUYAUX,,,,590
200900050938,9,5,7,1945,1,1,1,1.0,1,427,BUISSE (CHE. DE LA),,,,620
200900043071,9,6,2,1700,1,1,1,1.0,5,52,A4,M,4.0,0,940
200900044882,9,11,5,900,1,1,1,8.0,7,147,,M,4.0,-,490
200900012043,9,2,22,1900,2,2,9,1.0,3,529,"., RD 1250 (Camicas - So",,,,330
200900015072,9,4,24,705,1,2,1,1.0,6,350,"272, SALENGRO ROGER RUE",,,,590
200900046509,9,9,4,1530,1,2,1,1.0,3,32,"12, MOZARD (RUE)",,,,900
200900050169,9,11,7,1900,3,1,1,9.0,1,681,,M,4.0,0,210
200900013444,9,5,2,1530,1,1,1,1.0,7,52,,M,4.0,0,730
200900002330,9,1,28,1945,3,1,1,1.0,2,374,,M,4.0,-,140
200900041538,9,4,14,2245,5,2,1,1.0,6,205,"175, FERRARI (RUE)",,,,130
200900055314,9,9,29,1215,1,2,1,1.0,6,185,"FACE 51, PASQUIS ( RUE D",A,0.0,0,30
200900057358,9,9,7,730,1,2,3,1.0,3,55,"136, BD DE LA VALBARELLE",,,,130
200900067563,9,9,15,805,1,2,1,8.0,1,69,"151, SAINT MARC (CHEMIN)",,,,60
200900039663,9,8,26,1853,1,2,1,2.0,6,121,RN 465 (DESSERTE PORTUAI,,,,560
200900067329,9,10,27,1700,1,1,3,1.0,3,203,,M,4.0,0,760
200900069572,9,11,6,1345,1,2,1,1.0,6,5,03 R DE LISBONNE,M,4.0,0,930
200900047746,9,11,19,1013,1,2,1,1.0,2,300,CORDELIERS   AVENUE DES,,,,170
200900011007,9,4,18,1020,1,2,1,2.0,7,562,67 RUE GEORGES HERMAND,M,4.0,0,270
200900010244,9,2,23,1215,1,2,2,8.0,3,231,HENRI CAMP (BOULEVARD),,,,210
200900014994,9,4,5,1830,1,2,1,1.0,6,410,"117, ROUSSEAU JEAN JACQU",,,,590
200900040560,9,8,26,1745,1,1,1,1.0,3,67,,M,4.0,0,540
200900072652,9,2,11,718,1,2,1,1.0,6,11,BOIS DE NEFLES (ROUTE DE,,,,974
200900054421,9,11,12,730,2,1,1,1.0,6,318,ROCADE A 630,,,,330
200900049966,9,11,2,1130,1,2,1,2.0,6,555,"1, BD LASCROSSES",,,,310
200900009452,9,6,29,1735,1,2,2,1.0,6,106,"105, BOULEVARD DU MONTPA",,,,750
200900056198,9,7,7,920,1,2,1,1.0,2,51,"65 A, COMMANDANT CHARCOT",,,,920
200900032256,9,10,6,745,2,2,1,2.0,6,454,AVENUE DE LAON,M,0.0,0,510
200900021611,9,7,25,1715,1,1,1,1.0,1,372,,M,0.0,0,240
200900002274,9,1,4,1110,1,2,2,1.0,3,66,"31, POUDRIERE (RUE DE LA",M,4.0,0,680
200900020893,9,9,27,1100,1,2,4,1.0,3,116,ROUTE DES TRIBUNES,,,,750
200900052574,9,6,10,1450,1,2,1,1.0,6,203,"212, NATIONAL (BOULEVARD",,,,130
200900000832,9,2,13,326,5,2,2,2.0,3,108,"48, AVENUE HOCHE",,,,750
200900044945,9,11,14,1945,5,2,1,8.0,3,7,"98, PASTEUR AVENUE",,,,490
200900072123,9,9,13,755,1,1,1,1.0,3,355,PV,M,0.0,0,670
200900043975,9,9,26,835,1,2,3,1.0,3,192,"5,BD D' AURIBEAU",,,,400
200900023304,9,6,27,1200,1,2,1,1.0,2,65,"0, PONTEIX (AVENUE DU)",,,,870
200900063935,9,6,20,1510,1,2,1,1.0,7,72,AV CHARLES DE GAULLE,M,4.0,0,930
200900031932,9,6,18,1545,1,1,1,1.0,1,264,,M,0.0,0,690
200900048096,9,5,27,1715,1,2,2,1.0,3,109,ROUTE DE PARIS,,,,440
200900041666,9,11,23,315,3,1,1,2.0,6,307,,M,0.0,0,800
200900048135,9,5,21,1830,1,1,1,1.0,1,79,LA BURLASSERIE,M,0.0,0,440
200900042466,9,5,18,1750,1,2,2,1.0,1,21,GEORGES BRASSENS (AV),M,4.0,0,940
200900073571,9,7,5,715,1,2,1,1.0,6,20,"00, ALSACE LORRAINE",,,,971
200900038457,9,7,24,2010,1,2,1,1.0,6,58,"sans, ECONDU ROUTE DE L'",,,,260
200900069258,9,9,8,1730,1,2,1,1.0,6,8,R DIDEROT FACE Nï¾°6,M,4.0,0,930
200900038255,9,1,11,1010,1,2,1,1.0,6,187,"10, SULLY (RUE)",,,,420
200900040998,9,12,17,845,1,2,3,4.0,2,103,"102, BOULEVARD DE SEBAST",,,,750
200900060337,9,10,13,1455,1,2,2,1.0,6,266,"1, COURS ANDRE PHILIP",,,,690
200900046603,9,10,27,1230,1,1,1,1.0,7,183,,M,0.0,0,10
200900019689,9,6,23,2115,1,2,3,1.0,6,387,"2bis, DANTON (RUE)",,,,100
200900045450,9,7,13,45,3,1,1,1.0,6,207,,M,0.0,0,910
200900005856,9,5,3,510,5,2,1,1.0,2,117,"47, AVENUE DE WAGRAM",,,,750
200900008547,9,3,25,1030,1,2,3,1.0,3,182,BERTHOD/route de Frangy,M,0.0,0,740
200900024389,9,7,20,830,1,1,1,1.0,6,551,PV,M,0.0,0,670
200900028712,9,2,28,1610,1,2,1,1.0,7,385,"2, MONTEE DU CHEMIN NEUF",,,,690
200900025088,9,3,20,1651,1,2,2,1.0,3,172,"0, CARLENCAS (RUE)",M,4.0,0,340
200900055853,9,7,14,2025,1,2,1,1.0,3,29,"00, ANTIBES (RUE D')",,,,60
200900007542,9,4,12,930,1,2,7,2.0,6,286,", SCHOEFFER (AVENUE MONS",,,,650
200900059015,9,8,31,1850,1,2,1,1.0,3,69,"50, CANNES (ROUTE DE)  -",,,,60
200900039088,9,7,6,2055,1,1,1,2.0,7,226,"., DEPARTEMENTALE 64 (RO",,,,650
200900039006,9,7,30,1810,1,1,1,1.0,6,225,ROUTE DEPARTEMENTALE 29,,,,90
200900007719,9,3,3,445,3,1,1,1.0,7,247,,M,4.0,0,360
200900052602,9,6,16,2000,1,2,1,1.0,6,207,"1, MARCEL PAGNOL (QUAI)",,,,130
200900005344,9,3,26,1040,1,2,1,1.0,6,137,FOCH (AVE DU MARECHAL),,,,830
200900066278,9,10,7,2015,5,2,2,1.0,6,28,FOCH(AVENUE DU MARECHAL),M,4.0,0,940
200900036197,9,5,11,845,1,2,1,1.0,5,88,RD 6202- route de Grenob,,,,60
200900053135,9,10,1,1425,1,2,2,1.0,3,262,"1, MAZAGRAN (RUE DE)",,,,110
200900008704,9,6,1,30,5,2,2,1.0,3,116,ROUTE DE SURESNES,,,,750
200900049559,9,10,4,1210,1,2,1,1.0,6,350,NEGRIER RUE,,,,590
200900045536,9,6,29,1130,1,2,1,1.0,6,187,SEMARD (RUE PIERRE ),M,4.0,0,420
200900066031,9,9,22,1843,2,2,1,1.0,6,1,QUAI MAGNE,M,4.0,0,940
200900033220,9,6,1,1805,1,2,3,1.0,7,106,22 RUE DE LA CAGE,,,,220
200900013042,9,4,3,223,5,2,1,1.0,2,555,"1 BIS, AV PAUL SEJOURNE",M,4.0,0,310
200900033274,9,9,22,1405,1,2,1,1.0,6,194,"., MARECHAL DELATTRE DE",,,,410
200900040363,9,4,5,1930,1,1,1,1.0,2,34,,M,4.0,0,770
200900009060,9,6,14,1140,1,2,1,1.0,6,116,"07/09, RUE AUGUSTE MAQUE",,,,750
200900067823,9,10,18,2130,5,2,2,1.0,3,395,"90, CHARLES III (RUE)",,,,540
200900071955,9,6,28,1245,1,2,1,1.0,3,526,"1237, HENRI DURRE",,,,590
200900035533,9,4,4,1500,1,1,1,1.0,3,460,HAMEAU DU DALIBRAY,M,4.0,0,780
200900003004,9,4,18,1800,5,2,1,2.0,7,112,ECHANGEUR BERCY,,,,750
200900017209,9,6,9,1000,1,2,1,2.0,1,122,RUE PRINGLE/BORDOLO,,,,640
200900023823,9,5,25,115,3,1,1,1.0,7,150,,M,0.0,0,202
200900033833,9,9,26,1800,1,1,1,1.0,3,297,,M,4.0,0,320
200900070695,9,12,15,840,1,1,1,1.0,5,549,RN 104,,,,910
200900053906,9,9,8,900,1,2,1,1.0,6,22,"860, SALENGRO (AVENUE RO",,,,920
200900005131,9,3,25,900,1,2,1,1.0,3,189,"710, COURBESSAC (ROUTE)",M,4.0,0,300
200900043326,9,7,27,25,3,2,3,1.0,1,28,"1, BILLOTTE.(AVE DU GAL",M,4.0,0,940
200900058678,9,10,30,1100,1,1,1,1.0,3,129,"sans, PALAVAS D986 (ROUT",M,4.0,0,340
200900013646,9,1,18,800,3,1,1,8.0,7,194,,M,4.0,-,500
200900015562,9,5,30,1445,1,2,1,1.0,6,137,'' En pain Chaud '',M,0.0,0,710
200900026787,9,10,3,902,1,2,1,8.0,1,116,"5, AVENUE THEOPHILE GAUT",,,,750
200900074214,9,10,29,745,1,2,1,1.0,6,11,"2, BRASSENS (AVENUE GEOR",,,,974
200900017889,9,2,20,1555,1,2,1,1.0,6,28,GANTEAUME (QUAI HONORE),,,,130
200900034256,9,3,13,715,1,2,1,1.0,6,4,"NR, METRO GABRIEL PERI",,,,920
200900041109,9,12,23,145,5,2,5,1.0,7,112,PLACE DE LA BASTILLE,,,,750
200900030464,9,6,3,1740,1,2,2,1.0,2,63,CRS MARECHAL JUIN,,,,330
200900052469,9,6,2,1615,1,2,1,1.0,6,209,"83, REDON (BOULEVARD DU)",,,,130
200900032661,9,11,30,2040,5,2,3,2.0,3,107,"89, AVENUE DE LA BOURDON",,,,750
200900010698,9,3,27,1215,1,1,1,1.0,7,403,AUTOROUTE A23,,,,590
200900058230,9,11,2,1,5,2,1,2.0,3,55,"63, BD JEAN MOULIN",,,,130
200900054902,9,12,10,1116,1,2,2,1.0,2,44,35 AV DE GAULLE/BD CLUIS,M,4.0,0,360
200900030177,9,4,11,615,3,1,1,2.0,1,366,,M,4.0,-,330
200900004666,9,1,17,630,3,1,1,1.0,6,383,,M,4.0,0,310
200900045200,9,10,10,515,5,1,1,1.0,6,555,VA007331 A620,M,4.0,0,310
200900059381,9,8,22,1645,1,2,1,1.0,3,51,"65, ROULE (AVENUE DU, Nï¾°",,,,920
200900056225,9,10,4,910,1,2,1,7.0,7,102,BOULEVARD OSCARPLANAT,M,5.0,0,160
200900037941,9,4,28,1845,1,1,3,3.0,5,483,HOTEL BOURGEOIS,M,4.0,-,500
200900037929,9,4,16,1030,1,1,1,1.0,2,243,,M,4.0,-,500
200900050891,9,4,5,620,3,1,1,1.0,7,193,AUTOROUTE A16,,,,620
200900013239,9,4,12,500,3,1,1,1.0,6,130,,M,0.0,0,600
200900073905,9,8,8,1815,2,1,1,1.0,6,16,,R,0.0,0,974
200900066867,9,10,17,1,3,1,1,1.0,2,295,,M,0.0,0,580
200900057036,9,8,26,1215,1,2,1,1.0,2,208,"117, PERIER (BOULEVARD)",,,,130
200900041391,9,4,30,1815,1,1,1,1.0,2,55,A50-SENS AUBAGNE VERS MA,M,4.0,0,130
200900061009,9,9,27,930,1,2,1,1.0,7,724,", DE GAULLE (DU GENERAL)",,,,620
200900007169,9,2,25,2313,5,2,1,1.0,1,566,"001, MARAIS RUE DU",,,,590
200900001604,9,3,9,1800,1,2,1,1.0,2,112,SOUTERRAIN BERCY,,,,750
200900017931,9,2,19,1615,1,1,1,1.0,4,15,A51-SENS MARSEILLE VERS,M,4.0,0,130
200900064409,9,8,25,1240,1,2,3,1.0,2,402,ROUTE DE MONTVILLE.,,,,760
200900069976,9,6,23,1600,1,2,1,1.0,6,27,R EDGAR QUINET,M,4.0,0,930
200900057906,9,10,13,2150,4,2,1,1.0,2,55,"181, AVE DE SAINT ANTOIN",,,,130
200900050786,9,3,3,1145,1,1,1,1.0,6,186,,M,5.0,0,620
200900057960,9,11,28,1400,1,2,1,1.0,6,31,38 QUARTIER LE SOLEILLET,M,0.0,0,130
200900036998,9,10,7,1045,1,2,1,1.0,2,448,"1, PL. DU Gï¿½N. DE GAULLE",M,4.0,0,520
200900045130,9,10,3,2215,3,1,1,1.0,6,135,,M,4.0,0,870
200900036326,9,6,24,930,1,2,1,1.0,1,88,"15, LASCARIS (R.)",,,,60
200900031670,9,8,16,2010,1,2,1,1.0,6,189,"0000000000, ARTS (AVENUE",,,,300
200900022847,9,3,25,1635,1,2,1,1.0,2,88,"0, PENETRANTE DU PAILLON",,,,60
200900001737,9,3,14,15,5,2,2,1.0,6,118,RUE DAMREMONT,,,,750
200900053716,9,8,2,1330,1,2,2,1.0,6,25,VERDUN (RUE DE),,,,920
200900046356,9,1,18,1019,1,2,3,1.0,1,1,JARRY / DUMAS,M,4.0,0,930
200900061221,9,11,9,1845,5,2,1,1.0,3,7,TRILLADE (avenue de la ),,,,840
200900028266,9,6,5,2230,3,1,1,2.0,3,166,,M,0.0,0,260
200900034680,9,9,10,1815,1,2,3,1.0,3,63,"67, RUE DE LALANDE",,,,330
200900025233,9,3,22,1730,1,1,1,1.0,1,62,R DU BOIS,M,4.0,0,780
200900048142,9,5,2,1830,1,1,1,1.0,1,168,,M,0.0,0,440
200900014366,9,3,25,830,1,2,5,2.0,3,51,ALFRED DE MUSSET (AVENUE,M,4.0,0,950
200900029271,9,3,11,745,1,2,3,1.0,3,259,"0, BOULEVARD MARCEL SEMB",,,,690
200900064598,9,7,7,1715,1,1,1,1.0,3,484,LES ISLES,M,4.0,-,500
200900058579,9,10,17,1745,1,1,1,1.0,7,24,,M,0.0,0,340
200900064132,9,8,30,1800,1,2,4,1.0,3,147,"1, THERMALE (AVENUE)",M,4.0,0,420